DATE,CCNSA
1967-01-07,1594000.0
1967-01-14,1563000.0
1967-01-21,1551000.0
1967-01-28,1533000.0
1967-02-04,1534000.0
1967-02-11,1557000.0
1967-02-18,1579000.0
1967-02-25,1625000.0
1967-03-04,1621000.0
1967-03-11,1577000.0
1967-03-18,1525000.0
1967-03-25,1505000.0
1967-04-01,1470000.0
1967-04-08,1410000.0
1967-04-15,1386000.0
1967-04-22,1342000.0
1967-04-29,1302000.0
1967-05-06,1242000.0
1967-05-13,1169000.0
1967-05-20,1129000.0
1967-05-27,1062000.0
1967-06-03,1085000.0
1967-06-10,1038000.0
1967-06-17,1023000.0
1967-06-24,1008000.0
1967-07-01,980000.0
1967-07-08,1139000.0
1967-07-15,1212000.0
1967-07-22,1184000.0
1967-07-29,1205000.0
1967-08-05,1174000.0
1967-08-12,1132000.0
1967-08-19,1064000.0
1967-08-26,994000.0
1967-09-02,931000.0
1967-09-09,938000.0
1967-09-16,891000.0
1967-09-23,878000.0
1967-09-30,860000.0
1967-10-07,859000.0
1967-10-14,901000.0
1967-10-21,891000.0
1967-10-28,893000.0
1967-11-04,920000.0
1967-11-11,951000.0
1967-11-18,952000.0
1967-11-25,1062000.0
1967-12-02,1089000.0
1967-12-09,1127000.0
1967-12-16,1201000.0
1967-12-23,1260000.0
1967-12-30,1484000.0
1968-01-06,1618000.0
1968-01-13,1647000.0
1968-01-20,1649000.0
1968-01-27,1602000.0
1968-02-03,1591000.0
1968-02-10,1572000.0
1968-02-17,1541000.0
1968-02-24,1575000.0
1968-03-02,1513000.0
1968-03-09,1469000.0
1968-03-16,1421000.0
1968-03-23,1358000.0
1968-03-30,1288000.0
1968-04-06,1202000.0
1968-04-13,1174000.0
1968-04-20,1123000.0
1968-04-27,1112000.0
1968-05-04,1040000.0
1968-05-11,1006000.0
1968-05-18,966000.0
1968-05-25,923000.0
1968-06-01,916000.0
1968-06-08,921000.0
1968-06-15,883000.0
1968-06-22,872000.0
1968-06-29,858000.0
1968-07-06,982000.0
1968-07-13,1022000.0
1968-07-20,975000.0
1968-07-27,975000.0
1968-08-03,1012000.0
1968-08-10,1021000.0
1968-08-17,994000.0
1968-08-24,935000.0
1968-08-31,845000.0
1968-09-07,836000.0
1968-09-14,805000.0
1968-09-21,786000.0
1968-09-28,785000.0
1968-10-05,788000.0
1968-10-12,790000.0
1968-10-19,791000.0
1968-10-26,797000.0
1968-11-02,804000.0
1968-11-09,839000.0
1968-11-16,909000.0
1968-11-23,922000.0
1968-11-30,1002000.0
1968-12-07,1033000.0
1968-12-14,1074000.0
1968-12-21,1083000.0
1968-12-28,1352000.0
1969-01-04,1532000.0
1969-01-11,1509000.0
1969-01-18,1469000.0
1969-01-25,1474000.0
1969-02-01,1487000.0
1969-02-08,1440000.0
1969-02-15,1498000.0
1969-02-22,1461000.0
1969-03-01,1437000.0
1969-03-08,1400000.0
1969-03-15,1342000.0
1969-03-22,1279000.0
1969-03-29,1200000.0
1969-04-05,1197000.0
1969-04-12,1145000.0
1969-04-19,1089000.0
1969-04-26,1019000.0
1969-05-03,974000.0
1969-05-10,945000.0
1969-05-17,916000.0
1969-05-24,883000.0
1969-05-31,855000.0
1969-06-07,848000.0
1969-06-14,844000.0
1969-06-21,843000.0
1969-06-28,854000.0
1969-07-05,949000.0
1969-07-12,1033000.0
1969-07-19,1012000.0
1969-07-26,1041000.0
1969-08-02,1061000.0
1969-08-09,1023000.0
1969-08-16,962000.0
1969-08-23,912000.0
1969-08-30,870000.0
1969-09-06,872000.0
1969-09-13,848000.0
1969-09-20,823000.0
1969-09-27,821000.0
1969-10-04,830000.0
1969-10-11,832000.0
1969-10-18,864000.0
1969-10-25,879000.0
1969-11-01,902000.0
1969-11-08,935000.0
1969-11-15,1007000.0
1969-11-22,1025000.0
1969-11-29,1152000.0
1969-12-06,1193000.0
1969-12-13,1251000.0
1969-12-20,1273000.0
1969-12-27,1534000.0
1970-01-03,1787000.0
1970-01-10,1835000.0
1970-01-17,1848000.0
1970-01-24,1872000.0
1970-01-31,1860000.0
1970-02-07,1831000.0
1970-02-14,1924000.0
1970-02-21,1869000.0
1970-02-28,1869000.0
1970-03-07,1833000.0
1970-03-14,1808000.0
1970-03-21,1788000.0
1970-03-28,1775000.0
1970-04-04,1762000.0
1970-04-11,1739000.0
1970-04-18,1767000.0
1970-04-25,1805000.0
1970-05-02,1774000.0
1970-05-09,1738000.0
1970-05-16,1689000.0
1970-05-23,1639000.0
1970-05-30,1579000.0
1970-06-06,1582000.0
1970-06-13,1574000.0
1970-06-20,1578000.0
1970-06-27,1579000.0
1970-07-04,1628000.0
1970-07-11,1759000.0
1970-07-18,1774000.0
1970-07-25,1801000.0
1970-08-01,1790000.0
1970-08-08,1767000.0
1970-08-15,1748000.0
1970-08-22,1706000.0
1970-08-29,1646000.0
1970-09-05,1577000.0
1970-09-12,1643000.0
1970-09-19,1585000.0
1970-09-26,1597000.0
1970-10-03,1640000.0
1970-10-10,1672000.0
1970-10-17,1728000.0
1970-10-24,1758000.0
1970-10-31,1773000.0
1970-11-07,1854000.0
1970-11-14,2007000.0
1970-11-21,1980000.0
1970-11-28,2186000.0
1970-12-05,2214000.0
1970-12-12,2223000.0
1970-12-19,2254000.0
1970-12-26,2446000.0
1971-01-02,2757000.0
1971-01-09,2829000.0
1971-01-16,2798000.0
1971-01-23,2794000.0
1971-01-30,2781000.0
1971-02-06,2761000.0
1971-02-13,2744000.0
1971-02-20,2782000.0
1971-02-27,2717000.0
1971-03-06,2703000.0
1971-03-13,2634000.0
1971-03-20,2561000.0
1971-03-27,2505000.0
1971-04-03,2406000.0
1971-04-10,2374000.0
1971-04-17,2323000.0
1971-04-24,2226000.0
1971-05-01,2144000.0
1971-05-08,2077000.0
1971-05-15,2030000.0
1971-05-22,1989000.0
1971-05-29,1918000.0
1971-06-05,1947000.0
1971-06-12,1902000.0
1971-06-19,1883000.0
1971-06-26,1870000.0
1971-07-03,1846000.0
1971-07-10,2006000.0
1971-07-17,1979000.0
1971-07-24,1997000.0
1971-07-31,2020000.0
1971-08-07,2015000.0
1971-08-14,1985000.0
1971-08-21,1895000.0
1971-08-28,1817000.0
1971-09-04,1756000.0
1971-09-11,1801000.0
1971-09-18,1733000.0
1971-09-25,1713000.0
1971-10-02,1690000.0
1971-10-09,1692000.0
1971-10-16,1724000.0
1971-10-23,1693000.0
1971-10-30,1746000.0
1971-11-06,1787000.0
1971-11-13,1828000.0
1971-11-20,1814000.0
1971-11-27,2015000.0
1971-12-04,2053000.0
1971-12-11,2110000.0
1971-12-18,2147000.0
1971-12-25,2245000.0
1972-01-01,2485000.0
1972-01-08,2529000.0
1972-01-15,2527000.0
1972-01-22,2516000.0
1972-01-29,2529000.0
1972-02-05,2506000.0
1972-02-12,2551000.0
1972-02-19,2470000.0
1972-02-26,2474000.0
1972-03-04,2413000.0
1972-03-11,2360000.0
1972-03-18,2298000.0
1972-03-25,2203000.0
1972-04-01,2176000.0
1972-04-08,2116000.0
1972-04-15,2048000.0
1972-04-22,1966000.0
1972-04-29,1890000.0
1972-05-06,1836000.0
1972-05-13,1770000.0
1972-05-20,1731000.0
1972-05-27,1664000.0
1972-06-03,1673000.0
1972-06-10,1637000.0
1972-06-17,1619000.0
1972-06-24,1633000.0
1972-07-01,1645000.0
1972-07-08,1834000.0
1972-07-15,1848000.0
1972-07-22,1835000.0
1972-07-29,1796000.0
1972-08-05,1705000.0
1972-08-12,1633000.0
1972-08-19,1554000.0
1972-08-26,1500000.0
1972-09-02,1433000.0
1972-09-09,1447000.0
1972-09-16,1388000.0
1972-09-23,1369000.0
1972-09-30,1340000.0
1972-10-07,1330000.0
1972-10-14,1366000.0
1972-10-21,1342000.0
1972-10-28,1383000.0
1972-11-04,1377000.0
1972-11-11,1457000.0
1972-11-18,1445000.0
1972-11-25,1620000.0
1972-12-02,1607000.0
1972-12-09,1678000.0
1972-12-16,1789000.0
1972-12-23,1759000.0
1972-12-30,2026000.0
1973-01-06,2121000.0
1973-01-13,2170000.0
1973-01-20,2122000.0
1973-01-27,2111000.0
1973-02-03,2079000.0
1973-02-10,2063000.0
1973-02-17,2061000.0
1973-02-24,2081000.0
1973-03-03,2018000.0
1973-03-10,1977000.0
1973-03-17,1924000.0
1973-03-24,1855000.0
1973-03-31,1790000.0
1973-04-07,1742000.0
1973-04-14,1684000.0
1973-04-21,1681000.0
1973-04-28,1595000.0
1973-05-05,1539000.0
1973-05-12,1497000.0
1973-05-19,1465000.0
1973-05-26,1407000.0
1973-06-02,1426000.0
1973-06-09,1391000.0
1973-06-16,1399000.0
1973-06-23,1389000.0
1973-06-30,1346000.0
1973-07-07,1494000.0
1973-07-14,1536000.0
1973-07-21,1496000.0
1973-07-28,1495000.0
1973-08-04,1501000.0
1973-08-11,1515000.0
1973-08-18,1457000.0
1973-08-25,1409000.0
1973-09-01,1325000.0
1973-09-08,1354000.0
1973-09-15,1297000.0
1973-09-22,1276000.0
1973-09-29,1270000.0
1973-10-06,1252000.0
1973-10-13,1303000.0
1973-10-20,1284000.0
1973-10-27,1332000.0
1973-11-03,1339000.0
1973-11-10,1419000.0
1973-11-17,1430000.0
1973-11-24,1600000.0
1973-12-01,1630000.0
1973-12-08,1715000.0
1973-12-15,1821000.0
1973-12-22,1872000.0
1973-12-29,2160000.0
1974-01-05,2523000.0
1974-01-12,2529000.0
1974-01-19,2618000.0
1974-01-26,2567000.0
1974-02-02,2558000.0
1974-02-09,2604000.0
1974-02-16,2656000.0
1974-02-23,2676000.0
1974-03-02,2590000.0
1974-03-09,2577000.0
1974-03-16,2533000.0
1974-03-23,2477000.0
1974-03-30,2404000.0
1974-04-06,2327000.0
1974-04-13,2274000.0
1974-04-20,2227000.0
1974-04-27,2111000.0
1974-05-04,2038000.0
1974-05-11,1977000.0
1974-05-18,1943000.0
1974-05-25,1855000.0
1974-06-01,1898000.0
1974-06-08,1854000.0
1974-06-15,1867000.0
1974-06-22,1833000.0
1974-06-29,1783000.0
1974-07-06,1994000.0
1974-07-13,2039000.0
1974-07-20,1985000.0
1974-07-27,1949000.0
1974-08-03,1971000.0
1974-08-10,1961000.0
1974-08-17,1899000.0
1974-08-24,1836000.0
1974-08-31,1763000.0
1974-09-07,1815000.0
1974-09-14,1786000.0
1974-09-21,1757000.0
1974-09-28,1772000.0
1974-10-05,1792000.0
1974-10-12,1857000.0
1974-10-19,1980000.0
1974-10-26,2005000.0
1974-11-02,2104000.0
1974-11-09,2229000.0
1974-11-16,2437000.0
1974-11-23,2437000.0
1974-11-30,2973000.0
1974-12-07,3152000.0
1974-12-14,3354000.0
1974-12-21,3322000.0
1974-12-28,3951000.0
1975-01-04,4603000.0
1975-01-11,4582000.0
1975-01-18,4769000.0
1975-01-25,4871000.0
1975-02-01,4874000.0
1975-02-08,4995000.0
1975-02-15,5037000.0
1975-02-22,5229000.0
1975-03-01,5173000.0
1975-03-08,5206000.0
1975-03-15,5141000.0
1975-03-22,5021000.0
1975-03-29,5020000.0
1975-04-05,4959000.0
1975-04-12,4867000.0
1975-04-19,4783000.0
1975-04-26,4657000.0
1975-05-03,4559000.0
1975-05-10,4439000.0
1975-05-17,4339000.0
1975-05-24,4039000.0
1975-05-31,4195000.0
1975-06-07,4048000.0
1975-06-14,4033000.0
1975-06-21,3904000.0
1975-06-28,3525000.0
1975-07-05,3859000.0
1975-07-12,3906000.0
1975-07-19,3998000.0
1975-07-26,3801000.0
1975-08-02,3708000.0
1975-08-09,3655000.0
1975-08-16,3476000.0
1975-08-23,3366000.0
1975-08-30,3134000.0
1975-09-06,3182000.0
1975-09-13,3092000.0
1975-09-20,3025000.0
1975-09-27,2985000.0
1975-10-04,2964000.0
1975-10-11,2840000.0
1975-10-18,2962000.0
1975-10-25,2926000.0
1975-11-01,2920000.0
1975-11-08,2902000.0
1975-11-15,3090000.0
1975-11-22,2905000.0
1975-11-29,3285000.0
1975-12-06,3287000.0
1975-12-13,3314000.0
1975-12-20,3134000.0
1975-12-27,3485000.0
1976-01-03,4111000.0
1976-01-10,3964000.0
1976-01-17,3892000.0
1976-01-24,3871000.0
1976-01-31,3780000.0
1976-02-07,3756000.0
1976-02-14,3737000.0
1976-02-21,3755000.0
1976-02-28,3640000.0
1976-03-06,3599000.0
1976-03-13,3485000.0
1976-03-20,3399000.0
1976-03-27,3276000.0
1976-04-03,3198000.0
1976-04-10,3090000.0
1976-04-17,3053000.0
1976-04-24,2977000.0
1976-05-01,2902000.0
1976-05-08,2839000.0
1976-05-15,2776000.0
1976-05-22,2704000.0
1976-05-29,2584000.0
1976-06-05,2694000.0
1976-06-12,2628000.0
1976-06-19,2655000.0
1976-06-26,2627000.0
1976-07-03,2600000.0
1976-07-10,2878000.0
1976-07-17,2895000.0
1976-07-24,2848000.0
1976-07-31,2797000.0
1976-08-07,2769000.0
1976-08-14,2701000.0
1976-08-21,2621000.0
1976-08-28,2587000.0
1976-09-04,2412000.0
1976-09-11,2538000.0
1976-09-18,2443000.0
1976-09-25,2443000.0
1976-10-02,2412000.0
1976-10-09,2388000.0
1976-10-16,2491000.0
1976-10-23,2480000.0
1976-10-30,2515000.0
1976-11-06,2513000.0
1976-11-13,2690000.0
1976-11-20,2574000.0
1976-11-27,2901000.0
1976-12-04,2936000.0
1976-12-11,3005000.0
1976-12-18,2915000.0
1976-12-25,3047000.0
1977-01-01,3529000.0
1977-01-08,3542000.0
1977-01-15,3582000.0
1977-01-22,3679000.0
1977-01-29,3721000.0
1977-02-05,3781000.0
1977-02-12,3744000.0
1977-02-19,3576000.0
1977-02-26,3564000.0
1977-03-05,3395000.0
1977-03-12,3314000.0
1977-03-19,3173000.0
1977-03-26,3050000.0
1977-04-02,2930000.0
1977-04-09,2907000.0
1977-04-16,2790000.0
1977-04-23,2693000.0
1977-04-30,2584000.0
1977-05-07,2505000.0
1977-05-14,2463000.0
1977-05-21,2408000.0
1977-05-28,2291000.0
1977-06-04,2389000.0
1977-06-11,2302000.0
1977-06-18,2307000.0
1977-06-25,2265000.0
1977-07-02,2215000.0
1977-07-09,2467000.0
1977-07-16,2519000.0
1977-07-23,2468000.0
1977-07-30,2455000.0
1977-08-06,2439000.0
1977-08-13,2406000.0
1977-08-20,2336000.0
1977-08-27,2241000.0
1977-09-03,2096000.0
1977-09-10,2181000.0
1977-09-17,2089000.0
1977-09-24,2058000.0
1977-10-01,2023000.0
1977-10-08,1984000.0
1977-10-15,2096000.0
1977-10-22,2076000.0
1977-10-29,2126000.0
1977-11-05,2080000.0
1977-11-12,2261000.0
1977-11-19,2131000.0
1977-11-26,2483000.0
1977-12-03,2446000.0
1977-12-10,2540000.0
1977-12-17,2571000.0
1977-12-24,2594000.0
1977-12-31,2949000.0
1978-01-07,3167000.0
1978-01-14,3053000.0
1978-01-21,3243000.0
1978-01-28,3321000.0
1978-02-04,3143000.0
1978-02-11,3391000.0
1978-02-18,3261000.0
1978-02-25,3294000.0
1978-03-04,3150000.0
1978-03-11,3063000.0
1978-03-18,2897000.0
1978-03-25,2812000.0
1978-04-01,2683000.0
1978-04-08,2548000.0
1978-04-15,2420000.0
1978-04-22,2324000.0
1978-04-29,2224000.0
1978-05-06,2151000.0
1978-05-13,2092000.0
1978-05-20,2052000.0
1978-05-27,1934000.0
1978-06-03,2012000.0
1978-06-10,1961000.0
1978-06-17,1974000.0
1978-06-24,1973000.0
1978-07-01,1918000.0
1978-07-08,2255000.0
1978-07-15,2295000.0
1978-07-22,2255000.0
1978-07-29,2248000.0
1978-08-05,2293000.0
1978-08-12,2288000.0
1978-08-19,2204000.0
1978-08-26,2098000.0
1978-09-02,1936000.0
1978-09-09,1962000.0
1978-09-16,1864000.0
1978-09-23,1831000.0
1978-09-30,1767000.0
1978-10-07,1739000.0
1978-10-14,1862000.0
1978-10-21,1819000.0
1978-10-28,1847000.0
1978-11-04,1812000.0
1978-11-11,1918000.0
1978-11-18,1854000.0
1978-11-25,2204000.0
1978-12-02,2220000.0
1978-12-09,2312000.0
1978-12-16,2360000.0
1978-12-23,2332000.0
1978-12-30,2719000.0
1979-01-06,3041000.0
1979-01-13,2980000.0
1979-01-20,3064000.0
1979-01-27,3061000.0
1979-02-03,3039000.0
1979-02-10,3018000.0
1979-02-17,3013000.0
1979-02-24,3146000.0
1979-03-03,3033000.0
1979-03-10,2900000.0
1979-03-17,2771000.0
1979-03-24,2660000.0
1979-03-31,2556000.0
1979-04-07,2504000.0
1979-04-14,2542000.0
1979-04-21,2446000.0
1979-04-28,2317000.0
1979-05-05,2195000.0
1979-05-12,2127000.0
1979-05-19,2067000.0
1979-05-26,1970000.0
1979-06-02,2052000.0
1979-06-09,1987000.0
1979-06-16,1997000.0
1979-06-23,2010000.0
1979-06-30,1958000.0
1979-07-07,2277000.0
1979-07-14,2333000.0
1979-07-21,2278000.0
1979-07-28,2298000.0
1979-08-04,2338000.0
1979-08-11,2353000.0
1979-08-18,2290000.0
1979-08-25,2219000.0
1979-09-01,2064000.0
1979-09-08,2107000.0
1979-09-15,2039000.0
1979-09-22,1987000.0
1979-09-29,1964000.0
1979-10-06,1924000.0
1979-10-13,2074000.0
1979-10-20,2059000.0
1979-10-27,2120000.0
1979-11-03,2145000.0
1979-11-10,2189000.0
1979-11-17,2201000.0
1979-11-24,2627000.0
1979-12-01,2615000.0
1979-12-08,2707000.0
1979-12-15,2756000.0
1979-12-22,2680000.0
1979-12-29,3161000.0
1980-01-05,3619000.0
1980-01-12,3498000.0
1980-01-19,3546000.0
1980-01-26,3498000.0
1980-02-02,3543000.0
1980-02-09,3492000.0
1980-02-16,3492000.0
1980-02-23,3596000.0
1980-03-01,3486000.0
1980-03-08,3475000.0
1980-03-15,3413000.0
1980-03-22,3337000.0
1980-03-29,3223000.0
1980-04-05,3245000.0
1980-04-12,3320000.0
1980-04-19,3292000.0
1980-04-26,3272000.0
1980-05-03,3241000.0
1980-05-10,3300000.0
1980-05-17,3347000.0
1980-05-24,3277000.0
1980-05-31,3489000.0
1980-06-07,3459000.0
1980-06-14,3448000.0
1980-06-21,3489000.0
1980-06-28,3384000.0
1980-07-05,3663000.0
1980-07-12,3803000.0
1980-07-19,3729000.0
1980-07-26,3635000.0
1980-08-02,3608000.0
1980-08-09,3601000.0
1980-08-16,3488000.0
1980-08-23,3366000.0
1980-08-30,3136000.0
1980-09-06,3242000.0
1980-09-13,3123000.0
1980-09-20,3063000.0
1980-09-27,2984000.0
1980-10-04,2931000.0
1980-10-11,2854000.0
1980-10-18,2939000.0
1980-10-25,2943000.0
1980-11-01,2862000.0
1980-11-08,2840000.0
1980-11-15,3027000.0
1980-11-22,2780000.0
1980-11-29,3286000.0
1980-12-06,3154000.0
1980-12-13,3241000.0
1980-12-20,2932000.0
1980-12-27,3477000.0
1981-01-03,4125000.0
1981-01-10,3930000.0
1981-01-17,3878000.0
1981-01-24,3744000.0
1981-01-31,3710000.0
1981-02-07,3593000.0
1981-02-14,3704000.0
1981-02-21,3769000.0
1981-02-28,3608000.0
1981-03-07,3550000.0
1981-03-14,3464000.0
1981-03-21,3343000.0
1981-03-28,3262000.0
1981-04-04,3147000.0
1981-04-11,3028000.0
1981-04-18,2980000.0
1981-04-25,2960000.0
1981-05-02,2862000.0
1981-05-09,2793000.0
1981-05-16,2703000.0
1981-05-23,2544000.0
1981-05-30,2691000.0
1981-06-06,2632000.0
1981-06-13,2593000.0
1981-06-20,2577000.0
1981-06-27,2552000.0
1981-07-04,2672000.0
1981-07-11,2815000.0
1981-07-18,2770000.0
1981-07-25,2718000.0
1981-08-01,2711000.0
1981-08-08,2769000.0
1981-08-15,2713000.0
1981-08-22,2625000.0
1981-08-29,2572000.0
1981-09-05,2386000.0
1981-09-12,2598000.0
1981-09-19,2484000.0
1981-09-26,2487000.0
1981-10-03,2453000.0
1981-10-10,2450000.0
1981-10-17,2633000.0
1981-10-24,2642000.0
1981-10-31,2699000.0
1981-11-07,2722000.0
1981-11-14,3077000.0
1981-11-21,2844000.0
1981-11-28,3510000.0
1981-12-05,3506000.0
1981-12-12,3549000.0
1981-12-19,3466000.0
1981-12-26,3921000.0
1982-01-02,4547000.0
1982-01-09,4334000.0
1982-01-16,4611000.0
1982-01-23,4524000.0
1982-01-30,4396000.0
1982-02-06,4383000.0
1982-02-13,4194000.0
1982-02-20,4485000.0
1982-02-27,4443000.0
1982-03-06,4385000.0
1982-03-13,4328000.0
1982-03-20,4288000.0
1982-03-27,4233000.0
1982-04-03,4104000.0
1982-04-10,4169000.0
1982-04-17,4173000.0
1982-04-24,4032000.0
1982-05-01,3880000.0
1982-05-08,3855000.0
1982-05-15,3777000.0
1982-05-22,3711000.0
1982-05-29,3557000.0
1982-06-05,3794000.0
1982-06-12,3742000.0
1982-06-19,3690000.0
1982-06-26,3685000.0
1982-07-03,3600000.0
1982-07-10,4013000.0
1982-07-17,3997000.0
1982-07-24,3927000.0
1982-07-31,3834000.0
1982-08-07,3893000.0
1982-08-14,3901000.0
1982-08-21,3834000.0
1982-08-28,3802000.0
1982-09-04,3565000.0
1982-09-11,3834000.0
1982-09-18,3701000.0
1982-09-25,3683000.0
1982-10-02,3720000.0
1982-10-09,3674000.0
1982-10-16,3899000.0
1982-10-23,3872000.0
1982-10-30,3891000.0
1982-11-06,3846000.0
1982-11-13,4221000.0
1982-11-20,3840000.0
1982-11-27,4597000.0
1982-12-04,4460000.0
1982-12-11,4475000.0
1982-12-18,4273000.0
1982-12-25,4535000.0
1983-01-01,5112000.0
1983-01-08,5017000.0
1983-01-15,4982000.0
1983-01-22,4866000.0
1983-01-29,4867000.0
1983-02-05,4718000.0
1983-02-12,4876000.0
1983-02-19,4593000.0
1983-02-26,4869000.0
1983-03-05,4620000.0
1983-03-12,4568000.0
1983-03-19,4387000.0
1983-03-26,4262000.0
1983-04-02,4164000.0
1983-04-09,4120000.0
1983-04-16,3945000.0
1983-04-23,3848000.0
1983-04-30,3658000.0
1983-05-07,3582000.0
1983-05-14,3451000.0
1983-05-21,3369000.0
1983-05-28,3071000.0
1983-06-04,3291000.0
1983-06-11,3120000.0
1983-06-18,3101000.0
1983-06-25,3054000.0
1983-07-02,2785000.0
1983-07-09,3208000.0
1983-07-16,3117000.0
1983-07-23,2982000.0
1983-07-30,2943000.0
1983-08-06,2886000.0
1983-08-13,2858000.0
1983-08-20,2782000.0
1983-08-27,2715000.0
1983-09-03,2474000.0
1983-09-10,2596000.0
1983-09-17,2461000.0
1983-09-24,2399000.0
1983-10-01,2332000.0
1983-10-08,2263000.0
1983-10-15,2435000.0
1983-10-22,2360000.0
1983-10-29,2405000.0
1983-11-05,2203000.0
1983-11-12,2551000.0
1983-11-19,2313000.0
1983-11-26,2785000.0
1983-12-03,2709000.0
1983-12-10,2710000.0
1983-12-17,2762000.0
1983-12-24,2704000.0
1983-12-31,3080000.0
1984-01-07,3397000.0
1984-01-14,3195000.0
1984-01-21,3239000.0
1984-01-28,3210000.0
1984-02-04,3134000.0
1984-02-11,3078000.0
1984-02-18,2958000.0
1984-02-25,3111000.0
1984-03-03,3008000.0
1984-03-10,2946000.0
1984-03-17,2875000.0
1984-03-24,2779000.0
1984-03-31,2707000.0
1984-04-07,2622000.0
1984-04-14,2558000.0
1984-04-21,2491000.0
1984-04-28,2425000.0
1984-05-05,2338000.0
1984-05-12,2284000.0
1984-05-19,2213000.0
1984-05-26,2054000.0
1984-06-02,2212000.0
1984-06-09,2161000.0
1984-06-16,2140000.0
1984-06-23,2115000.0
1984-06-30,2005000.0
1984-07-07,2343000.0
1984-07-14,2334000.0
1984-07-21,2231000.0
1984-07-28,2203000.0
1984-08-04,2194000.0
1984-08-11,2208000.0
1984-08-18,2169000.0
1984-08-25,2142000.0
1984-09-01,1960000.0
1984-09-08,2120000.0
1984-09-15,2017000.0
1984-09-22,1976000.0
1984-09-29,1980000.0
1984-10-06,1912000.0
1984-10-13,2077000.0
1984-10-20,2094000.0
1984-10-27,2151000.0
1984-11-03,2159000.0
1984-11-10,2188000.0
1984-11-17,2105000.0
1984-11-24,2658000.0
1984-12-01,2547000.0
1984-12-08,2584000.0
1984-12-15,2644000.0
1984-12-22,2393000.0
1984-12-29,2997000.0
1985-01-05,3428000.0
1985-01-12,3214000.0
1985-01-19,3174000.0
1985-01-26,3254000.0
1985-02-02,3287000.0
1985-02-09,3213000.0
1985-02-16,3211000.0
1985-02-23,3320000.0
1985-03-02,3193000.0
1985-03-09,3135000.0
1985-03-16,3081000.0
1985-03-23,2947000.0
1985-03-30,2865000.0
1985-04-06,2777000.0
1985-04-13,2798000.0
1985-04-20,2649000.0
1985-04-27,2580000.0
1985-05-04,2481000.0
1985-05-11,2466000.0
1985-05-18,2374000.0
1985-05-25,2247000.0
1985-06-01,2402000.0
1985-06-08,2320000.0
1985-06-15,2320000.0
1985-06-22,2300000.0
1985-06-29,2167000.0
1985-07-06,2533000.0
1985-07-13,2514000.0
1985-07-20,2424000.0
1985-07-27,2388000.0
1985-08-03,2390000.0
1985-08-10,2373000.0
1985-08-17,2335000.0
1985-08-24,2287000.0
1985-08-31,2133000.0
1985-09-07,2251000.0
1985-09-14,2160000.0
1985-09-21,2061000.0
1985-09-28,2096000.0
1985-10-05,2086000.0
1985-10-12,2058000.0
1985-10-19,2197000.0
1985-10-26,2195000.0
1985-11-02,2229000.0
1985-11-09,2202000.0
1985-11-16,2401000.0
1985-11-23,2182000.0
1985-11-30,2791000.0
1985-12-07,2700000.0
1985-12-14,2750000.0
1985-12-21,2426000.0
1985-12-28,2991000.0
1986-01-04,3583000.0
1986-01-11,3359000.0
1986-01-18,3108000.0
1986-01-25,3215000.0
1986-02-01,3171000.0
1986-02-08,3119000.0
1986-02-15,3156000.0
1986-02-22,3294000.0
1986-03-01,3206000.0
1986-03-08,3145000.0
1986-03-15,3109000.0
1986-03-22,2996000.0
1986-03-29,2982000.0
1986-04-05,2842000.0
1986-04-12,2773000.0
1986-04-19,2687000.0
1986-04-26,2655000.0
1986-05-03,2566000.0
1986-05-10,2558000.0
1986-05-17,2499000.0
1986-05-24,2335000.0
1986-05-31,2490000.0
1986-06-07,2407000.0
1986-06-14,2410000.0
1986-06-21,2380000.0
1986-06-28,2282000.0
1986-07-05,2567000.0
1986-07-12,2589000.0
1986-07-19,2527000.0
1986-07-26,2509000.0
1986-08-02,2477000.0
1986-08-09,2499000.0
1986-08-16,2435000.0
1986-08-23,2404000.0
1986-08-30,2215000.0
1986-09-06,2379000.0
1986-09-13,2250000.0
1986-09-20,2219000.0
1986-09-27,2161000.0
1986-10-04,2192000.0
1986-10-11,2114000.0
1986-10-18,2274000.0
1986-10-25,2223000.0
1986-11-01,2213000.0
1986-11-08,2180000.0
1986-11-15,2435000.0
1986-11-22,2134000.0
1986-11-29,2760000.0
1986-12-06,2575000.0
1986-12-13,2668000.0
1986-12-20,2395000.0
1986-12-27,2860000.0
1987-01-03,3442272.0
1987-01-10,3206583.0
1987-01-17,3035767.0
1987-01-24,3155009.0
1987-01-31,3172800.0
1987-02-07,3052914.0
1987-02-14,3014248.0
1987-02-21,3117138.0
1987-02-28,3080711.0
1987-03-07,2972372.0
1987-03-14,2952777.0
1987-03-21,2787938.0
1987-03-28,2753035.0
1987-04-04,2706033.0
1987-04-11,2556723.0
1987-04-18,2495372.0
1987-04-25,2416853.0
1987-05-02,2219934.0
1987-05-09,2243705.0
1987-05-16,2184589.0
1987-05-23,2027017.0
1987-05-30,2153810.0
1987-06-06,2059043.0
1987-06-13,2074243.0
1987-06-20,2035040.0
1987-06-27,2038923.0
1987-07-04,2058398.0
1987-07-11,2198385.0
1987-07-18,2172113.0
1987-07-25,2157950.0
1987-08-01,2144893.0
1987-08-08,2105874.0
1987-08-15,2020505.0
1987-08-22,1955716.0
1987-08-29,1899197.0
1987-09-05,1748252.0
1987-09-12,1846397.0
1987-09-19,1923706.0
1987-09-26,1717452.0
1987-10-03,1694732.0
1987-10-10,1647486.0
1987-10-17,1725790.0
1987-10-24,1600532.0
1987-10-31,1622425.0
1987-11-07,1690217.0
1987-11-14,1922996.0
1987-11-21,1704088.0
1987-11-28,2160016.0
1987-12-05,2067371.0
1987-12-12,2151855.0
1987-12-19,2037301.0
1987-12-26,2305276.0
1988-01-02,2756429.0
1988-01-09,2864655.0
1988-01-16,2708739.0
1988-01-23,2840751.0
1988-01-30,2784072.0
1988-02-06,2683789.0
1988-02-13,2666899.0
1988-02-20,2647089.0
1988-02-27,2670581.0
1988-03-05,2630634.0
1988-03-12,2572940.0
1988-03-19,2475333.0
1988-03-26,2390779.0
1988-04-02,2302715.0
1988-04-09,2269936.0
1988-04-16,2182318.0
1988-04-23,2087324.0
1988-04-30,2028769.0
1988-05-07,1966276.0
1988-05-14,1956522.0
1988-05-21,1891634.0
1988-05-28,1805333.0
1988-06-04,1876581.0
1988-06-11,1852857.0
1988-06-18,1816465.0
1988-06-25,1833537.0
1988-07-02,1755810.0
1988-07-09,2032911.0
1988-07-16,2021261.0
1988-07-23,1977197.0
1988-07-30,2008522.0
1988-08-06,1961995.0
1988-08-13,1910379.0
1988-08-20,1859852.0
1988-08-27,1840361.0
1988-09-03,1691617.0
1988-09-10,1784231.0
1988-09-17,1701348.0
1988-09-24,1668900.0
1988-10-01,1612412.0
1988-10-08,1556889.0
1988-10-15,1678716.0
1988-10-22,1632845.0
1988-10-29,1724571.0
1988-11-05,1542684.0
1988-11-12,1854545.0
1988-11-19,1594634.0
1988-11-26,2111695.0
1988-12-03,1965981.0
1988-12-10,2055052.0
1988-12-17,2059991.0
1988-12-24,2075559.0
1988-12-31,2473167.0
1989-01-07,2707199.0
1989-01-14,2554884.0
1989-01-21,2660091.0
1989-01-28,2597551.0
1989-02-04,2569194.0
1989-02-11,2647533.0
1989-02-18,2577799.0
1989-02-25,2732331.0
1989-03-04,2612415.0
1989-03-11,2634121.0
1989-03-18,2501793.0
1989-03-25,2477317.0
1989-04-01,2375439.0
1989-04-08,2281715.0
1989-04-15,2238769.0
1989-04-22,2135792.0
1989-04-29,2047774.0
1989-05-06,1995218.0
1989-05-13,2045661.0
1989-05-20,1907797.0
1989-05-27,1807496.0
1989-06-03,1952253.0
1989-06-10,1896695.0
1989-06-17,1897424.0
1989-06-24,1933759.0
1989-07-01,1828308.0
1989-07-08,2194084.0
1989-07-15,2185720.0
1989-07-22,2057877.0
1989-07-29,2071615.0
1989-08-05,2102030.0
1989-08-12,2045875.0
1989-08-19,1955383.0
1989-08-26,1943580.0
1989-09-02,1776843.0
1989-09-09,1926837.0
1989-09-16,1761440.0
1989-09-23,1833067.0
1989-09-30,1758194.0
1989-10-07,1759529.0
1989-10-14,1903455.0
1989-10-21,1879567.0
1989-10-28,1916421.0
1989-11-04,1844888.0
1989-11-11,2077694.0
1989-11-18,1824682.0
1989-11-25,2380695.0
1989-12-02,2246457.0
1989-12-09,2287594.0
1989-12-16,2326845.0
1989-12-23,2404078.0
1989-12-30,2838399.0
1990-01-06,3108000.0
1990-01-13,2879525.0
1990-01-20,3130998.0
1990-01-27,2895197.0
1990-02-03,2938862.0
1990-02-10,2887118.0
1990-02-17,2922967.0
1990-02-24,2947650.0
1990-03-03,2969182.0
1990-03-10,2839915.0
1990-03-17,2851281.0
1990-03-24,2707282.0
1990-03-31,2679792.0
1990-04-07,2507053.0
1990-04-14,2600103.0
1990-04-21,2435156.0
1990-04-28,2409865.0
1990-05-05,2276793.0
1990-05-12,2276852.0
1990-05-19,2200158.0
1990-05-26,2144261.0
1990-06-02,2220329.0
1990-06-09,2203911.0
1990-06-16,2169344.0
1990-06-23,2185255.0
1990-06-30,2092566.0
1990-07-07,2449972.0
1990-07-14,2482738.0
1990-07-21,2335706.0
1990-07-28,2335177.0
1990-08-04,2322631.0
1990-08-11,2309895.0
1990-08-18,2275767.0
1990-08-25,2263087.0
1990-09-01,2096487.0
1990-09-08,2249277.0
1990-09-15,2124952.0
1990-09-22,2100832.0
1990-09-29,2102229.0
1990-10-06,2030912.0
1990-10-13,2251844.0
1990-10-20,2250868.0
1990-10-27,2341201.0
1990-11-03,2368817.0
1990-11-10,2420488.0
1990-11-17,2378735.0
1990-11-24,3011553.0
1990-12-01,2920595.0
1990-12-08,2991256.0
1990-12-15,3049870.0
1990-12-22,2910635.0
1990-12-29,3487570.0
1991-01-05,4056766.0
1991-01-12,3950860.0
1991-01-19,3750707.0
1991-01-26,3933737.0
1991-02-02,4015252.0
1991-02-09,3958296.0
1991-02-16,4036931.0
1991-02-23,4137192.0
1991-03-02,4186215.0
1991-03-09,4087481.0
1991-03-16,4138058.0
1991-03-23,3931340.0
1991-03-30,3992459.0
1991-04-06,3776293.0
1991-04-13,3755007.0
1991-04-20,3596574.0
1991-04-27,3512297.0
1991-05-04,3396704.0
1991-05-11,3362554.0
1991-05-18,3227614.0
1991-05-25,3080050.0
1991-06-01,3250555.0
1991-06-08,3129153.0
1991-06-15,3119199.0
1991-06-22,3053175.0
1991-06-29,2886389.0
1991-07-06,3315338.0
1991-07-13,3265105.0
1991-07-20,3155190.0
1991-07-27,3144434.0
1991-08-03,3134722.0
1991-08-10,3065017.0
1991-08-17,2973801.0
1991-08-24,2923103.0
1991-08-31,2698721.0
1991-09-07,2873554.0
1991-09-14,2731686.0
1991-09-21,2684668.0
1991-09-28,2632308.0
1991-10-05,2642986.0
1991-10-12,2605702.0
1991-10-19,2772408.0
1991-10-26,2741063.0
1991-11-02,2819131.0
1991-11-09,2842332.0
1991-11-16,3039756.0
1991-11-23,2780823.0
1991-11-30,3545383.0
1991-12-07,3336777.0
1991-12-14,3497146.0
1991-12-21,3136770.0
1991-12-28,3814532.0
1992-01-04,4498435.0
1992-01-11,4217517.0
1992-01-18,4074494.0
1992-01-25,4177760.0
1992-02-01,4103202.0
1992-02-08,4033751.0
1992-02-15,3977457.0
1992-02-22,4261552.0
1992-02-29,4086705.0
1992-03-07,3955182.0
1992-03-14,3932184.0
1992-03-21,3865442.0
1992-03-28,3813166.0
1992-04-04,3667177.0
1992-04-11,3564661.0
1992-04-18,3448706.0
1992-04-25,3419243.0
1992-05-02,3287889.0
1992-05-09,3233271.0
1992-05-16,3101430.0
1992-05-23,2936557.0
1992-05-30,3106796.0
1992-06-06,2996898.0
1992-06-13,2988680.0
1992-06-20,2965736.0
1992-06-27,2872638.0
1992-07-04,3096809.0
1992-07-11,3143730.0
1992-07-18,3151008.0
1992-07-25,3171535.0
1992-08-01,3307059.0
1992-08-08,2979582.0
1992-08-15,2949874.0
1992-08-22,2843536.0
1992-08-29,2758658.0
1992-09-05,2616069.0
1992-09-12,2791251.0
1992-09-19,2600400.0
1992-09-26,2580590.0
1992-10-03,2462242.0
1992-10-10,2423689.0
1992-10-17,2601838.0
1992-10-24,2518091.0
1992-10-31,2529758.0
1992-11-07,2510518.0
1992-11-14,2724779.0
1992-11-21,2411720.0
1992-11-28,3012861.0
1992-12-05,2833201.0
1992-12-12,2894501.0
1992-12-19,2672570.0
1992-12-26,2982511.0
1993-01-02,3541687.0
1993-01-09,3417366.0
1993-01-16,3367001.0
1993-01-23,3414605.0
1993-01-30,3315533.0
1993-02-06,3200962.0
1993-02-13,3174541.0
1993-02-20,3315199.0
1993-02-27,3292910.0
1993-03-06,3235224.0
1993-03-13,3136914.0
1993-03-20,3162342.0
1993-03-27,3117826.0
1993-04-03,2980338.0
1993-04-10,3003557.0
1993-04-17,2919904.0
1993-04-24,2839531.0
1993-05-01,2680690.0
1993-05-08,2713019.0
1993-05-15,2625230.0
1993-05-22,2551358.0
1993-05-29,2468881.0
1993-06-05,2600518.0
1993-06-12,2589155.0
1993-06-19,2594446.0
1993-06-26,2544078.0
1993-07-03,2407602.0
1993-07-10,2825535.0
1993-07-17,2724796.0
1993-07-24,2696676.0
1993-07-31,2718132.0
1993-08-07,2624960.0
1993-08-14,2584811.0
1993-08-21,2524664.0
1993-08-28,2464309.0
1993-09-04,2269912.0
1993-09-11,2465746.0
1993-09-18,2333263.0
1993-09-25,2305269.0
1993-10-02,2233985.0
1993-10-09,2191252.0
1993-10-16,2387995.0
1993-10-23,2365764.0
1993-10-30,2386515.0
1993-11-06,2325879.0
1993-11-13,2559633.0
1993-11-20,2282711.0
1993-11-27,2898489.0
1993-12-04,2723368.0
1993-12-11,2818129.0
1993-12-18,2710554.0
1993-12-25,2814857.0
1994-01-01,3367915.0
1994-01-08,3449472.0
1994-01-15,3208257.0
1994-01-22,3545764.0
1994-01-29,3435362.0
1994-02-05,3357684.0
1994-02-12,3604923.0
1994-02-19,3292486.0
1994-02-26,3476587.0
1994-03-05,3357435.0
1994-03-12,3328411.0
1994-03-19,3193930.0
1994-03-26,3094818.0
1994-04-02,2992338.0
1994-04-09,2974931.0
1994-04-16,2843275.0
1994-04-23,2729535.0
1994-04-30,2716409.0
1994-05-07,2606450.0
1994-05-14,2644286.0
1994-05-21,2522357.0
1994-05-28,2440732.0
1994-06-04,2539802.0
1994-06-11,2506642.0
1994-06-18,2460985.0
1994-06-25,2477528.0
1994-07-02,2358971.0
1994-07-09,2710100.0
1994-07-16,2671851.0
1994-07-23,2559819.0
1994-07-30,2509990.0
1994-08-06,2474549.0
1994-08-13,2451910.0
1994-08-20,2392742.0
1994-08-27,2359336.0
1994-09-03,2171194.0
1994-09-10,2287691.0
1994-09-17,2162830.0
1994-09-24,2117247.0
1994-10-01,2074777.0
1994-10-08,2005550.0
1994-10-15,2192818.0
1994-10-22,2103200.0
1994-10-29,2153143.0
1994-11-05,2071248.0
1994-11-12,2312701.0
1994-11-19,2041379.0
1994-11-26,2631371.0
1994-12-03,2457385.0
1994-12-10,2558552.0
1994-12-17,2528593.0
1994-12-24,2600655.0
1994-12-31,2919249.0
1995-01-07,3204273.0
1995-01-14,3106510.0
1995-01-21,3140684.0
1995-01-28,3144902.0
1995-02-04,3063391.0
1995-02-11,3141413.0
1995-02-18,3066721.0
1995-02-25,3140967.0
1995-03-04,3054753.0
1995-03-11,3058336.0
1995-03-18,2932400.0
1995-03-25,2884431.0
1995-04-01,2735222.0
1995-04-08,2667325.0
1995-04-15,2635670.0
1995-04-22,2591645.0
1995-04-29,2500747.0
1995-05-06,2408314.0
1995-05-13,2428514.0
1995-05-20,2394017.0
1995-05-27,2288164.0
1995-06-03,2412575.0
1995-06-10,2370672.0
1995-06-17,2378798.0
1995-06-24,2386331.0
1995-07-01,2294771.0
1995-07-08,2677411.0
1995-07-15,2704053.0
1995-07-22,2526569.0
1995-07-29,2474244.0
1995-08-05,2433531.0
1995-08-12,2428865.0
1995-08-19,2366346.0
1995-08-26,2335659.0
1995-09-02,2157979.0
1995-09-09,2285481.0
1995-09-16,2186550.0
1995-09-23,2137750.0
1995-09-30,2092237.0
1995-10-07,2081344.0
1995-10-14,2223096.0
1995-10-21,2183047.0
1995-10-28,2256758.0
1995-11-04,2161283.0
1995-11-11,2422640.0
1995-11-18,2128078.0
1995-11-25,2801377.0
1995-12-02,2593805.0
1995-12-09,2658329.0
1995-12-16,2639023.0
1995-12-23,2782295.0
1995-12-30,3158779.0
1996-01-06,3334482.0
1996-01-13,3267053.0
1996-01-20,3470091.0
1996-01-27,3261489.0
1996-02-03,3412932.0
1996-02-10,3296740.0
1996-02-17,3281051.0
1996-02-24,3282015.0
1996-03-02,3282378.0
1996-03-09,3147562.0
1996-03-16,3145405.0
1996-03-23,3112606.0
1996-03-30,2972000.0
1996-04-06,2809377.0
1996-04-13,2810900.0
1996-04-20,2635448.0
1996-04-27,2588512.0
1996-05-04,2461933.0
1996-05-11,2441081.0
1996-05-18,2371899.0
1996-05-25,2294656.0
1996-06-01,2345998.0
1996-06-08,2278659.0
1996-06-15,2342014.0
1996-06-22,2320261.0
1996-06-29,2257174.0
1996-07-06,2493008.0
1996-07-13,2554691.0
1996-07-20,2432671.0
1996-07-27,2373525.0
1996-08-03,2334951.0
1996-08-10,2317551.0
1996-08-17,2280788.0
1996-08-24,2239076.0
1996-08-31,2108790.0
1996-09-07,2105993.0
1996-09-14,2077963.0
1996-09-21,2017274.0
1996-09-28,1997890.0
1996-10-05,1969583.0
1996-10-12,1966937.0
1996-10-19,2039622.0
1996-10-26,2063060.0
1996-11-02,2084152.0
1996-11-09,2111062.0
1996-11-16,2220879.0
1996-11-23,2042433.0
1996-11-30,2612507.0
1996-12-07,2458896.0
1996-12-14,2533262.0
1996-12-21,2443253.0
1996-12-28,2914281.0
1997-01-04,3409390.0
1997-01-11,3103732.0
1997-01-18,3028156.0
1997-01-25,3070348.0
1997-02-01,3025548.0
1997-02-08,2957037.0
1997-02-15,2952894.0
1997-02-22,2976756.0
1997-03-01,2919335.0
1997-03-08,2805375.0
1997-03-15,2778065.0
1997-03-22,2632872.0
1997-03-29,2615853.0
1997-04-05,2497816.0
1997-04-12,2452384.0
1997-04-19,2322609.0
1997-04-26,2322204.0
1997-05-03,2212783.0
1997-05-10,2183787.0
1997-05-17,2096047.0
1997-05-24,2015018.0
1997-05-31,2099415.0
1997-06-07,2060147.0
1997-06-14,2068314.0
1997-06-21,2084451.0
1997-06-28,2052529.0
1997-07-05,2259475.0
1997-07-12,2337162.0
1997-07-19,2236616.0
1997-07-26,2180260.0
1997-08-02,2116882.0
1997-08-09,2115834.0
1997-08-16,2109053.0
1997-08-23,2054433.0
1997-08-30,1937027.0
1997-09-06,1945602.0
1997-09-13,1856497.0
1997-09-20,1819328.0
1997-09-27,1806230.0
1997-10-04,1775301.0
1997-10-11,1781417.0
1997-10-18,1822255.0
1997-10-25,1846670.0
1997-11-01,1877601.0
1997-11-08,1858302.0
1997-11-15,2041270.0
1997-11-22,1896743.0
1997-11-29,2316089.0
1997-12-06,2189839.0
1997-12-13,2315621.0
1997-12-20,2134581.0
1997-12-27,2597938.0
1998-01-03,3174121.0
1998-01-10,2877030.0
1998-01-17,2781353.0
1998-01-24,2804818.0
1998-01-31,2769230.0
1998-02-07,2719452.0
1998-02-14,2716844.0
1998-02-21,2722595.0
1998-02-28,2721428.0
1998-03-07,2608178.0
1998-03-14,2652518.0
1998-03-21,2524880.0
1998-03-28,2487250.0
1998-04-04,2297762.0
1998-04-11,2334635.0
1998-04-18,2241179.0
1998-04-25,2150162.0
1998-05-02,2032518.0
1998-05-09,2011465.0
1998-05-16,1956659.0
1998-05-23,1901622.0
1998-05-30,1944655.0
1998-06-06,1930892.0
1998-06-13,1970932.0
1998-06-20,1987087.0
1998-06-27,2094566.0
1998-07-04,2258033.0
1998-07-11,2408772.0
1998-07-18,2332055.0
1998-07-25,2314333.0
1998-08-01,2228735.0
1998-08-08,2113919.0
1998-08-15,2049106.0
1998-08-22,1990926.0
1998-08-29,1931309.0
1998-09-05,1806148.0
1998-09-12,1866054.0
1998-09-19,1725122.0
1998-09-26,1746546.0
1998-10-03,1724571.0
1998-10-10,1739836.0
1998-10-17,1814386.0
1998-10-24,1797952.0
1998-10-31,1846120.0
1998-11-07,1839825.0
1998-11-14,2002794.0
1998-11-21,1871290.0
1998-11-28,2322927.0
1998-12-05,2189652.0
1998-12-12,2291309.0
1998-12-19,2123256.0
1998-12-26,2485732.0
1999-01-02,3065920.0
1999-01-09,2890907.0
1999-01-16,2862950.0
1999-01-23,2804122.0
1999-01-30,2830366.0
1999-02-06,2724075.0
1999-02-13,2723859.0
1999-02-20,2764594.0
1999-02-27,2724709.0
1999-03-06,2642955.0
1999-03-13,2638731.0
1999-03-20,2550442.0
1999-03-27,2452286.0
1999-04-03,2425619.0
1999-04-10,2368861.0
1999-04-17,2271924.0
1999-04-24,2184330.0
1999-05-01,2132520.0
1999-05-08,2058927.0
1999-05-15,2066710.0
1999-05-22,1991790.0
1999-05-29,1971914.0
1999-06-05,2002752.0
1999-06-12,2017627.0
1999-06-19,1990497.0
1999-06-26,2033329.0
1999-07-03,2012194.0
1999-07-10,2238123.0
1999-07-17,2239048.0
1999-07-24,2139377.0
1999-07-31,2071173.0
1999-08-07,2054099.0
1999-08-14,2025904.0
1999-08-21,1981518.0
1999-08-28,1933993.0
1999-09-04,1813976.0
1999-09-11,1856169.0
1999-09-18,1783550.0
1999-09-25,1763215.0
1999-10-02,1725820.0
1999-10-09,1692025.0
1999-10-16,1761523.0
1999-10-23,1735699.0
1999-10-30,1779922.0
1999-11-06,1758806.0
1999-11-13,1866516.0
1999-11-20,1777254.0
1999-11-27,2190445.0
1999-12-04,2050291.0
1999-12-11,2146849.0
1999-12-18,2099639.0
1999-12-25,2246644.0
2000-01-01,2761926.0
2000-01-08,2686013.0
2000-01-15,2588921.0
2000-01-22,2547393.0
2000-01-29,2676851.0
2000-02-05,2618066.0
2000-02-12,2658811.0
2000-02-19,2520055.0
2000-02-26,2629550.0
2000-03-04,2478089.0
2000-03-11,2461643.0
2000-03-18,2327966.0
2000-03-25,2304255.0
2000-04-01,2167594.0
2000-04-08,2114001.0
2000-04-15,2008759.0
2000-04-22,2016353.0
2000-04-29,1957972.0
2000-05-06,1855390.0
2000-05-13,1837764.0
2000-05-20,1800077.0
2000-05-27,1776119.0
2000-06-03,1849401.0
2000-06-10,1836042.0
2000-06-17,1869730.0
2000-06-24,1876056.0
2000-07-01,1862788.0
2000-07-08,2140632.0
2000-07-15,2158335.0
2000-07-22,2009764.0
2000-07-29,1999953.0
2000-08-05,1966461.0
2000-08-12,1972344.0
2000-08-19,1956668.0
2000-08-26,1905264.0
2000-09-02,1836897.0
2000-09-09,1854756.0
2000-09-16,1759993.0
2000-09-23,1726654.0
2000-09-30,1699344.0
2000-10-07,1723497.0
2000-10-14,1788584.0
2000-10-21,1753464.0
2000-10-28,1822289.0
2000-11-04,1774889.0
2000-11-11,1972938.0
2000-11-18,1898521.0
2000-11-25,2394176.0
2000-12-02,2211195.0
2000-12-09,2315331.0
2000-12-16,2356340.0
2000-12-23,2525315.0
2000-12-30,2983919.0
2001-01-06,3067097.0
2001-01-13,2833258.0
2001-01-20,3048535.0
2001-01-27,2950004.0
2001-02-03,3052109.0
2001-02-10,2936361.0
2001-02-17,3003753.0
2001-02-24,3016843.0
2001-03-03,3049224.0
2001-03-10,2966369.0
2001-03-17,2984895.0
2001-03-24,2860911.0
2001-03-31,2844860.0
2001-04-07,2672762.0
2001-04-14,2840579.0
2001-04-21,2709206.0
2001-04-28,2670426.0
2001-05-05,2551534.0
2001-05-12,2611965.0
2001-05-19,2562318.0
2001-05-26,2616172.0
2001-06-02,2680033.0
2001-06-09,2685697.0
2001-06-16,2703845.0
2001-06-23,2731320.0
2001-06-30,2665672.0
2001-07-07,3093737.0
2001-07-14,3101591.0
2001-07-21,2900831.0
2001-07-28,2937020.0
2001-08-04,2897604.0
2001-08-11,2928424.0
2001-08-18,2855016.0
2001-08-25,2859180.0
2001-09-01,2740783.0
2001-09-08,2793972.0
2001-09-15,2703020.0
2001-09-22,2737709.0
2001-09-29,2796316.0
2001-10-06,2797405.0
2001-10-13,2964702.0
2001-10-20,3030241.0
2001-10-27,3092575.0
2001-11-03,3181759.0
2001-11-10,3180486.0
2001-11-17,3141998.0
2001-11-24,3721973.0
2001-12-01,3626565.0
2001-12-08,3665759.0
2001-12-15,3734892.0
2001-12-22,3619326.0
2001-12-29,4228206.0
2002-01-05,4685080.0
2002-01-12,4290623.0
2002-01-19,4325313.0
2002-01-26,4262481.0
2002-02-02,4347221.0
2002-02-09,4238337.0
2002-02-16,4270421.0
2002-02-23,4234460.0
2002-03-02,4259454.0
2002-03-09,4109695.0
2002-03-16,4133800.0
2002-03-23,3962242.0
2002-03-30,4061959.0
2002-04-06,3851621.0
2002-04-13,3788429.0
2002-04-20,3641561.0
2002-04-27,3633702.0
2002-05-04,3470968.0
2002-05-11,3483300.0
2002-05-18,3373492.0
2002-05-25,3325982.0
2002-06-01,3356032.0
2002-06-08,3364030.0
2002-06-15,3315777.0
2002-06-22,3340273.0
2002-06-29,3218111.0
2002-07-06,3568069.0
2002-07-13,3589337.0
2002-07-20,3403334.0
2002-07-27,3361794.0
2002-08-03,3309272.0
2002-08-10,3272880.0
2002-08-17,3258658.0
2002-08-24,3193748.0
2002-08-31,3052551.0
2002-09-07,3107849.0
2002-09-14,3013696.0
2002-09-21,2988181.0
2002-09-28,2954225.0
2002-10-05,2974814.0
2002-10-12,2967513.0
2002-10-19,3021815.0
2002-10-26,3059193.0
2002-11-02,3137165.0
2002-11-09,3100218.0
2002-11-16,3263052.0
2002-11-23,3106044.0
2002-11-30,3618507.0
2002-12-07,3543993.0
2002-12-14,3630381.0
2002-12-21,3428329.0
2002-12-28,4081930.0
2003-01-04,4486870.0
2003-01-11,4123632.0
2003-01-18,4068516.0
2003-01-25,4149700.0
2003-02-01,4148823.0
2003-02-08,4089677.0
2003-02-15,4089902.0
2003-02-22,4192955.0
2003-03-01,4191412.0
2003-03-08,4096551.0
2003-03-15,4067954.0
2003-03-22,3939370.0
2003-03-29,3875224.0
2003-04-05,3701064.0
2003-04-12,3736748.0
2003-04-19,3652316.0
2003-04-26,3621018.0
2003-05-03,3502794.0
2003-05-10,3459502.0
2003-05-17,3400384.0
2003-05-24,3297674.0
2003-05-31,3438524.0
2003-06-07,3376503.0
2003-06-14,3396155.0
2003-06-21,3392668.0
2003-06-28,3330104.0
2003-07-05,3627409.0
2003-07-12,3692996.0
2003-07-19,3541796.0
2003-07-26,3508332.0
2003-08-02,3417741.0
2003-08-09,3379961.0
2003-08-16,3343254.0
2003-08-23,3252130.0
2003-08-30,3120553.0
2003-09-06,3173450.0
2003-09-13,3039387.0
2003-09-20,3006347.0
2003-09-27,2964170.0
2003-10-04,2949032.0
2003-10-11,2895596.0
2003-10-18,2994670.0
2003-10-25,2952618.0
2003-11-01,3025662.0
2003-11-08,2996756.0
2003-11-15,3137692.0
2003-11-22,2949992.0
2003-11-29,3397952.0
2003-12-06,3287681.0
2003-12-13,3393846.0
2003-12-20,3247595.0
2003-12-27,3730752.0
2004-01-03,4150431.0
2004-01-10,3851300.0
2004-01-17,3798519.0
2004-01-24,3773316.0
2004-01-31,3850990.0
2004-02-07,3776188.0
2004-02-14,3729369.0
2004-02-21,3738056.0
2004-02-28,3674294.0
2004-03-06,3551292.0
2004-03-13,3513900.0
2004-03-20,3385174.0
2004-03-27,3310942.0
2004-04-03,3112845.0
2004-04-10,3143186.0
2004-04-17,3037412.0
2004-04-24,2915357.0
2004-05-01,2836423.0
2004-05-08,2772073.0
2004-05-15,2734768.0
2004-05-22,2702892.0
2004-05-29,2633372.0
2004-06-05,2674791.0
2004-06-12,2733296.0
2004-06-19,2720586.0
2004-06-26,2741743.0
2004-07-03,2720765.0
2004-07-10,2894749.0
2004-07-17,2938264.0
2004-07-24,2814264.0
2004-07-31,2755374.0
2004-08-07,2732802.0
2004-08-14,2692183.0
2004-08-21,2614899.0
2004-08-28,2580150.0
2004-09-04,2455140.0
2004-09-11,2475605.0
2004-09-18,2397828.0
2004-09-25,2368048.0
2004-10-02,2320254.0
2004-10-09,2293444.0
2004-10-16,2402533.0
2004-10-23,2371518.0
2004-10-30,2434394.0
2004-11-06,2388670.0
2004-11-13,2528643.0
2004-11-20,2331862.0
2004-11-27,2880075.0
2004-12-04,2684337.0
2004-12-11,2820965.0
2004-12-18,2712542.0
2004-12-25,3025945.0
2005-01-01,3401253.0
2005-01-08,3342292.0
2005-01-15,3311633.0
2005-01-22,3263705.0
2005-01-29,3296052.0
2005-02-05,3216436.0
2005-02-12,3239778.0
2005-02-19,3096036.0
2005-02-26,3226999.0
2005-03-05,3085920.0
2005-03-12,3090703.0
2005-03-19,2914529.0
2005-03-26,2959537.0
2005-04-02,2809420.0
2005-04-09,2731177.0
2005-04-16,2612500.0
2005-04-23,2564797.0
2005-04-30,2507877.0
2005-05-07,2443129.0
2005-05-14,2398134.0
2005-05-21,2361073.0
2005-05-28,2342313.0
2005-06-04,2432328.0
2005-06-11,2395982.0
2005-06-18,2404688.0
2005-06-25,2415224.0
2005-07-02,2410697.0
2005-07-09,2624504.0
2005-07-16,2634714.0
2005-07-23,2508852.0
2005-07-30,2467095.0
2005-08-06,2436846.0
2005-08-13,2418884.0
2005-08-20,2379439.0
2005-08-27,2323719.0
2005-09-03,2216756.0
2005-09-10,2311981.0
2005-09-17,2349781.0
2005-09-24,2393581.0
2005-10-01,2372126.0
2005-10-08,2343807.0
2005-10-15,2437294.0
2005-10-22,2378680.0
2005-10-29,2416475.0
2005-11-05,2364283.0
2005-11-12,2564292.0
2005-11-19,2302708.0
2005-11-26,2695927.0
2005-12-03,2542217.0
2005-12-10,2709414.0
2005-12-17,2691842.0
2005-12-24,2823270.0
2005-12-31,3155322.0
2006-01-07,3162229.0
2006-01-14,3044307.0
2006-01-21,3051709.0
2006-01-28,3074962.0
2006-02-04,3006942.0
2006-02-11,3017838.0
2006-02-18,2905648.0
2006-02-25,2975296.0
2006-03-04,2860513.0
2006-03-11,2840272.0
2006-03-18,2750543.0
2006-03-25,2680141.0
2006-04-01,2571168.0
2006-04-08,2504901.0
2006-04-15,2482997.0
2006-04-22,2404269.0
2006-04-29,2297774.0
2006-05-06,2227582.0
2006-05-13,2237925.0
2006-05-20,2197167.0
2006-05-27,2163894.0
2006-06-03,2227031.0
2006-06-10,2226057.0
2006-06-17,2219876.0
2006-06-24,2261568.0
2006-07-01,2211698.0
2006-07-08,2517917.0
2006-07-15,2499741.0
2006-07-22,2358926.0
2006-07-29,2366848.0
2006-08-05,2348543.0
2006-08-12,2326364.0
2006-08-19,2268911.0
2006-08-26,2240524.0
2006-09-02,2133891.0
2006-09-09,2152929.0
2006-09-16,2062962.0
2006-09-23,2056523.0
2006-09-30,2039526.0
2006-10-07,2030299.0
2006-10-14,2116794.0
2006-10-21,2087657.0
2006-10-28,2150055.0
2006-11-04,2110151.0
2006-11-11,2269427.0
2006-11-18,2074608.0
2006-11-25,2620460.0
2006-12-02,2436936.0
2006-12-09,2577271.0
2006-12-16,2565805.0
2006-12-23,2654693.0
2006-12-30,3007436.0
2007-01-06,3122227.0
2007-01-13,2925963.0
2007-01-20,3103449.0
2007-01-27,2981310.0
2007-02-03,3079780.0
2007-02-10,2994128.0
2007-02-17,3075023.0
2007-02-24,3013239.0
2007-03-03,3016840.0
2007-03-10,2869668.0
2007-03-17,2826536.0
2007-03-24,2727408.0
2007-03-31,2688419.0
2007-04-07,2594605.0
2007-04-14,2634301.0
2007-04-21,2448102.0
2007-04-28,2451671.0
2007-05-05,2290364.0
2007-05-12,2329671.0
2007-05-19,2231139.0
2007-05-26,2261581.0
2007-06-02,2267710.0
2007-06-09,2298047.0
2007-06-16,2278797.0
2007-06-23,2353893.0
2007-06-30,2303357.0
2007-07-07,2581098.0
2007-07-14,2588709.0
2007-07-21,2463232.0
2007-07-28,2445524.0
2007-08-04,2409122.0
2007-08-11,2414968.0
2007-08-18,2369648.0
2007-08-25,2353210.0
2007-09-01,2236358.0
2007-09-08,2242616.0
2007-09-15,2160459.0
2007-09-22,2140701.0
2007-09-29,2112935.0
2007-10-06,2097457.0
2007-10-13,2175026.0
2007-10-20,2241942.0
2007-10-27,2261001.0
2007-11-03,2292297.0
2007-11-10,2293872.0
2007-11-17,2217421.0
2007-11-24,2725801.0
2007-12-01,2623378.0
2007-12-08,2701670.0
2007-12-15,2813226.0
2007-12-22,2812232.0
2007-12-29,3304308.0
2008-01-05,3509826.0
2008-01-12,3288631.0
2008-01-19,3263036.0
2008-01-26,3333980.0
2008-02-02,3351862.0
2008-02-09,3329894.0
2008-02-16,3310911.0
2008-02-23,3394243.0
2008-03-01,3351954.0
2008-03-08,3296982.0
2008-03-15,3268145.0
2008-03-22,3214056.0
2008-03-29,3209920.0
2008-04-05,3087716.0
2008-04-12,3066005.0
2008-04-19,2967150.0
2008-04-26,2964706.0
2008-05-03,2846543.0
2008-05-10,2847327.0
2008-05-17,2807612.0
2008-05-24,2757822.0
2008-05-31,2828892.0
2008-06-07,2799718.0
2008-06-14,2852595.0
2008-06-21,2855557.0
2008-06-28,2858010.0
2008-07-05,3119577.0
2008-07-12,3153562.0
2008-07-19,3191698.0
2008-07-26,3160029.0
2008-08-02,3193245.0
2008-08-09,3157267.0
2008-08-16,3171619.0
2008-08-23,3116252.0
2008-08-30,3059025.0
2008-09-06,3040383.0
2008-09-13,3014496.0
2008-09-20,3018620.0
2008-09-27,3057698.0
2008-10-04,3073515.0
2008-10-11,3134390.0
2008-10-18,3233118.0
2008-10-25,3310892.0
2008-11-01,3460633.0
2008-11-08,3521951.0
2008-11-15,3781631.0
2008-11-22,3652990.0
2008-11-29,4495571.0
2008-12-06,4377029.0
2008-12-13,4591216.0
2008-12-20,4566281.0
2008-12-27,5311032.0
2009-01-03,5845860.0
2009-01-10,5650014.0
2009-01-17,5715432.0
2009-01-24,5806901.0
2009-01-31,5952109.0
2009-02-07,5971341.0
2009-02-14,6107800.0
2009-02-21,6230217.0
2009-02-28,6359961.0
2009-03-07,6356097.0
2009-03-14,6440135.0
2009-03-21,6388414.0
2009-03-28,6451690.0
2009-04-04,6327841.0
2009-04-11,6406046.0
2009-04-18,6339490.0
2009-04-25,6280863.0
2009-05-02,6191149.0
2009-05-09,6203661.0
2009-05-16,6153284.0
2009-05-23,6033293.0
2009-05-30,6144006.0
2009-06-06,6083219.0
2009-06-13,6113832.0
2009-06-20,6079261.0
2009-06-27,6062527.0
2009-07-04,6175227.0
2009-07-11,6258240.0
2009-07-18,6105329.0
2009-07-25,6021088.0
2009-08-01,5897272.0
2009-08-08,5809704.0
2009-08-15,5683164.0
2009-08-22,5623445.0
2009-08-29,5438521.0
2009-09-05,5301307.0
2009-09-12,5224957.0
2009-09-19,5074784.0
2009-09-26,5019227.0
2009-10-03,4956333.0
2009-10-10,4919102.0
2009-10-17,4987516.0
2009-10-24,4934724.0
2009-10-31,4965336.0
2009-11-07,4888630.0
2009-11-14,5084817.0
2009-11-21,4802559.0
2009-11-28,5402723.0
2009-12-05,5193809.0
2009-12-12,5346238.0
2009-12-19,5089577.0
2009-12-26,5485710.0
2010-01-02,6014881.0
2010-01-09,5791336.0
2010-01-16,5602811.0
2010-01-23,5683672.0
2010-01-30,5683482.0
2010-02-06,5597271.0
2010-02-13,5546388.0
2010-02-20,5596737.0
2010-02-27,5544103.0
2010-03-06,5405031.0
2010-03-13,5357581.0
2010-03-20,5207496.0
2010-03-27,5055002.0
2010-04-03,4987473.0
2010-04-10,4931238.0
2010-04-17,4796318.0
2010-04-24,4671227.0
2010-05-01,4549602.0
2010-05-08,4471786.0
2010-05-15,4411435.0
2010-05-22,4380562.0
2010-05-29,4202202.0
2010-06-05,4319021.0
2010-06-12,4306402.0
2010-06-19,4328074.0
2010-06-26,4309375.0
2010-07-03,4384591.0
2010-07-10,4562782.0
2010-07-17,4554316.0
2010-07-24,4438886.0
2010-07-31,4333445.0
2010-08-07,4281074.0
2010-08-14,4219639.0
2010-08-21,4125414.0
2010-08-28,4138965.0
2010-09-04,3933895.0
2010-09-11,3930908.0
2010-09-18,3810921.0
2010-09-25,3779910.0
2010-10-02,3705947.0
2010-10-09,3715967.0
2010-10-16,3769438.0
2010-10-23,3759365.0
2010-10-30,3783097.0
2010-11-06,3735938.0
2010-11-13,3871043.0
2010-11-20,3665787.0
2010-11-27,4216488.0
2010-12-04,4062531.0
2010-12-11,4179504.0
2010-12-18,4116684.0
2010-12-25,4415512.0
2011-01-01,4790155.0
2011-01-08,4652805.0
2011-01-15,4614149.0
2011-01-22,4632950.0
2011-01-29,4605543.0
2011-02-05,4575640.0
2011-02-12,4587740.0
2011-02-19,4344862.0
2011-02-26,4460146.0
2011-03-05,4296805.0
2011-03-12,4277092.0
2011-03-19,4131066.0
2011-03-26,4085667.0
2011-04-02,3943591.0
2011-04-09,3893218.0
2011-04-16,3783787.0
2011-04-23,3769810.0
2011-04-30,3723271.0
2011-05-07,3586266.0
2011-05-14,3549972.0
2011-05-21,3510507.0
2011-05-28,3426345.0
2011-06-04,3491359.0
2011-06-11,3491533.0
2011-06-18,3511416.0
2011-06-25,3555831.0
2011-07-02,3534925.0
2011-07-09,3783316.0
2011-07-16,3752532.0
2011-07-23,3680729.0
2011-07-30,3580433.0
2011-08-06,3553649.0
2011-08-13,3557586.0
2011-08-20,3473182.0
2011-08-27,3436188.0
2011-09-03,3293105.0
2011-09-10,3306720.0
2011-09-17,3207559.0
2011-09-24,3165909.0
2011-10-01,3113245.0
2011-10-08,3133644.0
2011-10-15,3196554.0
2011-10-22,3199527.0
2011-10-29,3210417.0
2011-11-05,3177477.0
2011-11-12,3374259.0
2011-11-19,3167053.0
2011-11-26,3696154.0
2011-12-03,3540663.0
2011-12-10,3628343.0
2011-12-17,3613414.0
2011-12-24,3779025.0
2011-12-31,4161063.0
2012-01-07,4109127.0
2012-01-14,4069651.0
2012-01-21,4058236.0
2012-01-28,4097013.0
2012-02-04,3984889.0
2012-02-11,4010489.0
2012-02-18,3882527.0
2012-02-25,3988890.0
2012-03-03,3862329.0
2012-03-10,3815580.0
2012-03-17,3699473.0
2012-03-24,3636712.0
2012-03-31,3470104.0
2012-04-07,3448040.0
2012-04-14,3425138.0
2012-04-21,3292783.0
2012-04-28,3210670.0
2012-05-05,3150177.0
2012-05-12,3124324.0
2012-05-19,3060148.0
2012-05-26,3062538.0
2012-06-02,3091216.0
2012-06-09,3101927.0
2012-06-16,3113846.0
2012-06-23,3145031.0
2012-06-30,3112199.0
2012-07-07,3360067.0
2012-07-14,3336728.0
2012-07-21,3246888.0
2012-07-28,3242883.0
2012-08-04,3180011.0
2012-08-11,3167174.0
2012-08-18,3117558.0
2012-08-25,3085324.0
2012-09-01,2930825.0
2012-09-08,2927923.0
2012-09-15,2841521.0
2012-09-22,2822093.0
2012-09-29,2786146.0
2012-10-06,2754663.0
2012-10-13,2816677.0
2012-10-20,2838463.0
2012-10-27,2784503.0
2012-11-03,2964164.0
2012-11-10,2946437.0
2012-11-17,2836478.0
2012-11-24,3316536.0
2012-12-01,3175601.0
2012-12-08,3245480.0
2012-12-15,3255119.0
2012-12-22,3285394.0
2012-12-29,3730872.0
2013-01-05,3868120.0
2013-01-12,3707375.0
2013-01-19,3671018.0
2013-01-26,3736830.0
2013-02-02,3661840.0
2013-02-09,3663619.0
2013-02-16,3531404.0
2013-02-23,3606019.0
2013-03-02,3495559.0
2013-03-09,3453312.0
2013-03-16,3394036.0
2013-03-23,3344342.0
2013-03-30,3286211.0
2013-04-06,3195675.0
2013-04-13,3096325.0
2013-04-20,3020992.0
2013-04-27,2963249.0
2013-05-04,2883832.0
2013-05-11,2769495.0
2013-05-18,2799681.0
2013-05-25,2734582.0
2013-06-01,2771143.0
2013-06-08,2772541.0
2013-06-15,2801508.0
2013-06-22,2778190.0
2013-06-29,2807991.0
2013-07-06,3146960.0
2013-07-13,3047517.0
2013-07-20,2920771.0
2013-07-27,2952831.0
2013-08-03,2853207.0
2013-08-10,2873345.0
2013-08-17,2819994.0
2013-08-24,2737229.0
2013-08-31,2512460.0
2013-09-07,2499855.0
2013-09-14,2456548.0
2013-09-21,2513759.0
2013-09-28,2476262.0
2013-10-05,2437325.0
2013-10-12,2465939.0
2013-10-19,2525254.0
2013-10-26,2511754.0
2013-11-02,2510618.0
2013-11-09,2556519.0
2013-11-16,2689171.0
2013-11-23,2506700.0
2013-11-30,2970677.0
2013-12-07,2880807.0
2013-12-14,3004483.0
2013-12-21,2854624.0
2013-12-28,3298387.0
2014-01-04,3611093.0
2014-01-11,3487905.0
2014-01-18,3373217.0
2014-01-25,3422557.0
2014-02-01,3440027.0
2014-02-08,3411217.0
2014-02-15,3367239.0
2014-02-22,3375731.0
2014-03-01,3277983.0
2014-03-08,3233107.0
2014-03-15,3132104.0
2014-03-22,3090665.0
2014-03-29,2942180.0
2014-04-05,2853279.0
2014-04-12,2757378.0
2014-04-19,2766506.0
2014-04-26,2641583.0
2014-05-03,2559236.0
2014-05-10,2494495.0
2014-05-17,2455022.0
2014-05-24,2394378.0
2014-05-31,2424134.0
2014-06-07,2387182.0
2014-06-14,2413778.0
2014-06-21,2412611.0
2014-06-28,2395821.0
2014-07-05,2558065.0
2014-07-12,2563164.0
2014-07-19,2524006.0
2014-07-26,2481360.0
2014-08-02,2462156.0
2014-08-09,2412394.0
2014-08-16,2403823.0
2014-08-23,2319238.0
2014-08-30,2212896.0
2014-09-06,2167651.0
2014-09-13,2115326.0
2014-09-20,2070228.0
2014-09-27,2031751.0
2014-10-04,2018858.0
2014-10-11,2006710.0
2014-10-18,2081161.0
2014-10-25,2045437.0
2014-11-01,2116640.0
2014-11-08,2067337.0
2014-11-15,2193628.0
2014-11-22,2102005.0
2014-11-29,2515910.0
2014-12-06,2354533.0
2014-12-13,2478752.0
2014-12-20,2352296.0
2014-12-27,2795271.0
2015-01-03,2990368.0
2015-01-10,2911674.0
2015-01-17,2784735.0
2015-01-24,2827617.0
2015-01-31,2795975.0
2015-02-07,2809938.0
2015-02-14,2752771.0
2015-02-21,2835373.0
2015-02-28,2804577.0
2015-03-07,2729749.0
2015-03-14,2705148.0
2015-03-21,2564097.0
2015-03-28,2476255.0
2015-04-04,2381913.0
2015-04-11,2389911.0
2015-04-18,2281070.0
2015-04-25,2199763.0
2015-05-02,2138615.0
2015-05-09,2079285.0
2015-05-16,2079191.0
2015-05-23,2018773.0
2015-05-30,2096986.0
2015-06-06,2056174.0
2015-06-13,2102652.0
2015-06-20,2106077.0
2015-06-27,2138353.0
2015-07-04,2235705.0
2015-07-11,2255273.0
2015-07-18,2258311.0
2015-07-25,2214919.0
2015-08-01,2209980.0
2015-08-08,2161191.0
2015-08-15,2163709.0
2015-08-22,2108101.0
2015-08-29,2061930.0
2015-09-05,1942822.0
2015-09-12,1938894.0
2015-09-19,1876960.0
2015-09-26,1870678.0
2015-10-03,1816410.0
2015-10-10,1826779.0
2015-10-17,1860474.0
2015-10-24,1874526.0
2015-10-31,1900517.0
2015-11-07,1905959.0
2015-11-14,2006025.0
2015-11-21,1891197.0
2015-11-28,2299417.0
2015-12-05,2206522.0
2015-12-12,2286725.0
2015-12-19,2191682.0
2015-12-26,2502457.0
2016-01-02,2803326.0
2016-01-09,2680476.0
2016-01-16,2656738.0
2016-01-23,2688858.0
2016-01-30,2680598.0
2016-02-06,2657981.0
2016-02-13,2612427.0
2016-02-20,2670398.0
2016-02-27,2600820.0
2016-03-05,2548304.0
2016-03-12,2492144.0
2016-03-19,2409099.0
2016-03-26,2375518.0
2016-04-02,2280430.0
2016-04-09,2211972.0
2016-04-16,2154608.0
2016-04-23,2094406.0
2016-04-30,2080555.0
2016-05-07,2014816.0
2016-05-14,2009243.0
2016-05-21,1975916.0
2016-05-28,1939391.0
2016-06-04,1982999.0
2016-06-11,1994248.0
2016-06-18,2009079.0
2016-06-25,2044616.0
2016-07-02,2037038.0
2016-07-09,2161272.0
2016-07-16,2143920.0
2016-07-23,2104590.0
2016-07-30,2110850.0
2016-08-06,2083250.0
2016-08-13,2061744.0
2016-08-20,2021172.0
2016-08-27,1972966.0
2016-09-03,1867279.0
2016-09-10,1835919.0
2016-09-17,1756097.0
2016-09-24,1744083.0
2016-10-01,1709974.0
2016-10-08,1706702.0
2016-10-15,1739879.0
2016-10-22,1741961.0
2016-10-29,1763155.0
2016-11-05,1740791.0
2016-11-12,1857234.0
2016-11-19,1746231.0
2016-11-26,2070694.0
2016-12-03,1996669.0
2016-12-10,2097013.0
2016-12-17,2117870.0
2016-12-24,2253543.0
2016-12-31,2467654.0
2017-01-07,2518545.0
2017-01-14,2464292.0
2017-01-21,2494547.0
2017-01-28,2482809.0
2017-02-04,2464850.0
2017-02-11,2489682.0
2017-02-18,2392472.0
2017-02-25,2447592.0
2017-03-04,2349381.0
2017-03-11,2281836.0
2017-03-18,2283882.0
2017-03-25,2221962.0
2017-04-01,2136831.0
2017-04-08,2042394.0
2017-04-15,2012236.0
2017-04-22,1948731.0
2017-04-29,1852170.0
2017-05-06,1781847.0
2017-05-13,1783911.0
2017-05-20,1759705.0
2017-05-27,1751112.0
2017-06-03,1783314.0
2017-06-10,1795184.0
2017-06-17,1811385.0
2017-06-24,1867478.0
2017-07-01,1839969.0
2017-07-08,1996804.0
2017-07-15,1973777.0
2017-07-22,1939674.0
2017-07-29,1920454.0
2017-08-05,1889713.0
2017-08-12,1885774.0
2017-08-19,1841596.0
2017-08-26,1812487.0
2017-09-02,1699145.0
2017-09-09,1738986.0
2017-09-16,1622607.0
2017-09-23,1614906.0
2017-09-30,1582806.0
2017-10-07,1566253.0
2017-10-14,1603587.0
2017-10-21,1608736.0
2017-10-28,1631860.0
2017-11-04,1623213.0
2017-11-11,1724422.0
2017-11-18,1618630.0
2017-11-25,1957137.0
2017-12-02,1869012.0
2017-12-09,1968105.0
2017-12-16,1985967.0
2017-12-23,2066441.0
2017-12-30,2301683.0
2018-01-06,2416489.0
2018-01-13,2287734.0
2018-01-20,2376238.0
2018-01-27,2310659.0
2018-02-03,2323553.0
2018-02-10,2260662.0
2018-02-17,2258815.0
2018-02-24,2232578.0
2018-03-03,2193796.0
2018-03-10,2108273.0
2018-03-17,2111985.0
2018-03-24,2003104.0
2018-03-31,2001558.0
2018-04-07,1929729.0
2018-04-14,1865447.0
2018-04-21,1738881.0
2018-04-28,1724410.0
2018-05-05,1595249.0
2018-05-12,1604119.0
2018-05-19,1574005.0
2018-05-26,1573324.0
2018-06-02,1559759.0
2018-06-09,1588055.0
2018-06-16,1585979.0
2018-06-23,1645954.0
2018-06-30,1636791.0
2018-07-07,1772705.0
2018-07-14,1760512.0
2018-07-21,1710317.0
2018-07-28,1729890.0
2018-08-04,1678892.0
2018-08-11,1668840.0
2018-08-18,1624222.0
2018-08-25,1600035.0
2018-09-01,1494794.0
2018-09-08,1461553.0
2018-09-15,1412803.0
2018-09-22,1395338.0
2018-09-29,1369317.0
2018-10-06,1350834.0
2018-10-13,1370783.0
2018-10-20,1383438.0
2018-10-27,1392026.0
2018-11-03,1436650.0
2018-11-10,1447041.0
2018-11-17,1437625.0
2018-11-24,1665498.0
2018-12-01,1649838.0
2018-12-08,1722153.0
2018-12-15,1764701.0
2018-12-22,1798455.0
2018-12-29,2076626.0
2019-01-05,2172537.0
2019-01-12,2090268.0
2019-01-19,2124743.0
2019-01-26,2098575.0
2019-02-02,2142462.0
2019-02-09,2084361.0
2019-02-16,2125992.0
2019-02-23,2112404.0
2019-03-02,2088410.0
2019-03-09,2008348.0
2019-03-16,2009317.0
2019-03-23,1908355.0
2019-03-30,1861690.0
2019-04-06,1730108.0
2019-04-13,1703576.0
2019-04-20,1647874.0
2019-04-27,1633529.0
2019-05-04,1539086.0
2019-05-11,1543472.0
2019-05-18,1509265.0
2019-05-25,1521741.0
2019-06-01,1538065.0
2019-06-08,1522665.0
2019-06-15,1558646.0
2019-06-22,1588879.0
2019-06-29,1610633.0
2019-07-06,1702745.0
2019-07-13,1697505.0
2019-07-20,1680029.0
2019-07-27,1665287.0
2019-08-03,1679471.0
2019-08-10,1619391.0
2019-08-17,1615803.0
2019-08-24,1566934.0
2019-08-31,1476199.0
2019-09-07,1465554.0
2019-09-14,1399601.0
2019-09-21,1383346.0
2019-09-28,1392109.0
2019-10-05,1369887.0
2019-10-12,1386868.0
2019-10-19,1419512.0
2019-10-26,1423681.0
2019-11-02,1450304.0
2019-11-09,1460773.0
2019-11-16,1545007.0
2019-11-23,1508294.0
2019-11-30,1754590.0
2019-12-07,1728066.0
2019-12-14,1798885.0
2019-12-21,1776317.0
2019-12-28,2145748.0
2020-01-04,2251286.0
2020-01-11,2142711.0
2020-01-18,2082416.0
2020-01-25,2154866.0
2020-02-01,2088693.0
2020-02-08,2100473.0
2020-02-15,2062380.0
2020-02-22,2103967.0
2020-02-29,2055782.0
2020-03-07,1977774.0
2020-03-14,2072982.0
2020-03-21,3409946.0
2020-03-28,8155772.0
2020-04-04,12445761.0
2020-04-11,16257569.0
2020-04-18,17771539.0
2020-04-25,21750455.0
2020-05-02,20855239.0
2020-05-09,23037921.0
2020-05-16,19038443.0
2020-05-23,19117418.0
2020-05-30,19119534.0
2020-06-06,18687210.0
2020-06-13,17824245.0
2020-06-20,17518701.0
2020-06-27,16610187.0
2020-07-04,17393811.0
2020-07-11,16396755.0
2020-07-18,16882651.0
2020-07-25,15912870.0
2020-08-01,15254647.0
2020-08-08,14155561.0
2020-08-15,13839981.0
2020-08-22,13111405.0
2020-08-29,13325312.0
2020-09-05,12408041.0
2020-09-12,12391859.0
2020-09-19,11037698.0
2020-09-26,10156207.0
2020-10-03,8917793.0
2020-10-10,8079336.0
2020-10-17,7458507.0
2020-10-24,6856962.0
2020-10-31,6463798.0
2020-11-07,6061953.0
2020-11-14,5917243.0
2020-11-21,5233699.0
2020-11-28,5790244.0
2020-12-05,5479766.0
2020-12-12,5415955.0
2020-12-19,5225786.0
2020-12-26,5362308.0
2021-01-02,5756886.0
2021-01-09,5479170.0
2021-01-16,5189122.0
2021-01-23,5172094.0
2021-01-30,5016190.0
2021-02-06,4948967.0
2021-02-13,4804914.0
2021-02-20,4820155.0
2021-02-27,4539713.0
2021-03-06,4461608.0
2021-03-13,4200385.0
2021-03-20,4069329.0
2021-03-27,4002030.0
2021-04-03,3902729.0
2021-04-10,3828584.0
2021-04-17,3776395.0
2021-04-24,3763243.0
2021-05-01,3688043.0
2021-05-08,3666448.0
2021-05-15,3502467.0
2021-05-22,3499487.0
2021-05-29,3333477.0
2021-06-05,3296139.0
2021-06-12,3228357.0
2021-06-19,3282102.0
2021-06-26,3233414.0
2021-07-03,3121875.0
2021-07-10,3259565.0
2021-07-17,3260889.0
2021-07-24,2922698.0
2021-07-31,2849196.0
2021-08-07,2806138.0
2021-08-14,2807966.0
2021-08-21,2673190.0
2021-08-28,2660507.0
2021-09-04,2376245.0
2021-09-11,2505265.0
2021-09-18,2469313.0
2021-09-25,2395401.0
2021-10-02,2259403.0
2021-10-09,2166061.0
2021-10-16,1984074.0
2021-10-23,1881734.0
2021-10-30,1950768.0
2021-11-06,1781793.0
2021-11-13,1818308.0
2021-11-20,1559780.0
2021-11-27,1962434.0
2021-12-04,1733785.0
2021-12-11,1827028.0
2021-12-18,1637701.0
2021-12-25,1868469.0
2022-01-01,2061856.0
2022-01-08,2072681.0
2022-01-15,2009022.0
2022-01-22,2043402.0
2022-01-29,2005387.0
2022-02-05,1980368.0
2022-02-12,1918036.0
2022-02-19,1859328.0
2022-02-26,1917459.0
2022-03-05,1810381.0
2022-03-12,1727708.0
2022-03-19,1676374.0
2022-03-26,1654359.0
2022-04-02,1569797.0
2022-04-09,1467346.0
2022-04-16,1441824.0
2022-04-23,1403640.0
2022-04-30,1332072.0
2022-05-07,1283158.0
2022-05-14,1290047.0
2022-05-21,1256209.0
2022-05-28,1256450.0
2022-06-04,1270456.0
2022-06-11,1288323.0
2022-06-18,1302015.0
2022-06-25,1372008.0
2022-07-02,1327199.0
2022-07-09,1450142.0
2022-07-16,1443848.0
2022-07-23,1451592.0
2022-07-30,1457158.0
2022-08-06,1423854.0
2022-08-13,1414317.0
2022-08-20,1390837.0
2022-08-27,1365751.0
2022-09-03,1273057.0
2022-09-10,1279779.0
2022-09-17,1217825.0
2022-09-24,1233270.0
2022-10-01,1201432.0
2022-10-08,1199269.0
2022-10-15,1226861.0
2022-10-22,1239975.0
2022-10-29,1267368.0
2022-11-05,1230153.0
2022-11-12,1342834.0
2022-11-19,1261674.0
2022-11-26,1561449.0
2022-12-03,1503416.0
2022-12-10,1594527.0
2022-12-17,1577004.0
2022-12-24,1710626.0
2022-12-31,1870058.0
2023-01-07,1908639.0
2023-01-14,1863962.0
2023-01-21,1911213.0
2023-01-28,1925707.0
2023-02-04,1948437.0
2023-02-11,1928688.0
2023-02-18,1891796.0
2023-02-25,1970054.0
2023-03-04,1910050.0
2023-03-11,1878293.0
2023-03-18,1877339.0
2023-03-25,1841752.0
2023-04-01,1792755.0
2023-04-08,1785781.0
2023-04-15,1749975.0
2023-04-22,1687739.0
2023-04-29,1658533.0
2023-05-06,1610523.0
2023-05-13,1610901.0
2023-05-20,1608222.0
2023-05-27,1593705.0
2023-06-03,1647848.0
2023-06-10,1670300.0
2023-06-17,1674548.0
2023-06-24,1737351.0
2023-07-01,1724280.0
2023-07-08,1887928.0
2023-07-15,1835614.0
2023-07-22,1827375.0
2023-07-29,1809776.0
2023-08-05,1814133.0
2023-08-12,1802463.0
2023-08-19,1789862.0
2023-08-26,1747737.0
2023-09-02,1655840.0
2023-09-09,1645927.0
2023-09-16,1588285.0
2023-09-23,1585277.0
2023-09-30,1555172.0
2023-10-07,1542397.0
2023-10-14,1572658.0
2023-10-21,1574471.0
2023-10-28,1607693.0
2023-11-04,1578946.0
2023-11-11,1654732.0
2023-11-18,1555596.0
2023-11-25,1845084.0
2023-12-02,1767267.0
2023-12-09,1835427.0
2023-12-16,1836539.0
2023-12-23,1902054.0
2023-12-30,2104257.0
2024-01-06,2122561.0
2024-01-13,2053289.0
2024-01-20,2181430.0
2024-01-27,2130018.0
2024-02-03,2139970.0
2024-02-10,2092787.0
2024-02-17,2092108.0
2024-02-24,2113581.0
2024-03-02,2078603.0
2024-03-09,2008790.0
2024-03-16,2012613.0
2024-03-23,1937982.0
2024-03-30,1928017.0
2024-04-06,1848827.0
2024-04-13,1812811.0
2024-04-20,1753465.0
2024-04-27,1743445.0
2024-05-04,1686177.0
2024-05-11,1686782.0
2024-05-18,1666648.0
2024-05-25,1670550.0
2024-06-01,1708158.0
2024-06-08,1727754.0
2024-06-15,1747949.0
2024-06-22,1820786.0
2024-06-29,1795072.0
2024-07-06,1945762.0
2024-07-13,1913683.0
2024-07-20,1934409.0
2024-07-27,1906472.0
2024-08-03,1883316.0
2024-08-10,1857111.0
2024-08-17,1843165.0
2024-08-24,1800462.0
2024-08-31,1704574.0
2024-09-07,1671782.0
2024-09-14,1628013.0
2024-09-21,1613670.0
2024-09-28,1614324.0
2024-10-05,1598184.0
2024-10-12,1627757.0
2024-10-19,1616081.0
2024-10-26,1646920.0
2024-11-02,1647230.0
2024-11-09,1660806.0
2024-11-16,1722043.0
2024-11-23,1661748.0
2024-11-30,1931449.0
2024-12-07,1864310.0
2024-12-14,1945890.0
2024-12-21,1859372.0
2024-12-28,2186732.0
2025-01-04,2273297.0
2025-01-11,2242358.0
2025-01-18,2170197.0
2025-01-25,2252149.0
2025-02-01,2187841.0
2025-02-08,2191941.0
2025-02-15,2162489.0
2025-02-22,2231017.0
2025-03-01,2151269.0
2025-03-08,2118174.0
2025-03-15,2074108.0
2025-03-22,2060082.0
2025-03-29,1985726.0
2025-04-05,1943696.0
2025-04-12,1880531.0
2025-04-19,1898289.0
2025-04-26,1838382.0
2025-05-03,1779757.0
2025-05-10,1779771.0
2025-05-17,1775572.0
2025-05-24,1755416.0
2025-05-31,1826082.0
2025-06-07,1813467.0
2025-06-14,1862036.0
2025-06-21,1900783.0
2025-06-28,1895590.0
2025-07-05,2011503.0
2025-07-12,2006609.0
2025-07-19,2005921.0
2025-07-26,1999971.0
2025-08-02,1973534.0
2025-08-09,1955063.0
2025-08-16,1934364.0
2025-08-23,1892210.0
2025-08-30,1803344.0
2025-09-06,1759869.0
2025-09-13,1727777.0
